name,SLA,FirstName,LastName,Email,Phone,StreetAddress1,StreetAddress2,City,State,Country,Zip_PostalCode
AEROSOFT CARGAS AEREAS LTDA,,Abigail,Abraham,Abigail.Abraham@gmail.com,9876543210,417 Cedarwood Rd.,N/A,SAO-SAO PAULO,SP,BR,4311900
AEROSOFT CARGAS AEREAS LTDA,,Alexandra,Allan,Alexandra.Allan@gmail.com,9876543211,7635 Griffin Circle,N/A,SAO-SAO PAULO,SP,BR,1311100
A R SERVICOS DE ENTREGA S/C LTDA ME,,Alison,Alsop,Alison.Alsop@gmail.com,9876543212,62 Meadow Court,N/A,SAO-SAO PAULO,SP,BR,5802140
BITENCOURT LOGISTICA E TRANSPORTES LTDA - ME,,Amanda,Anderson,Amanda.Anderson@gmail.com,9876543213,7635 Griffin Circle,N/A,SAO-SAO PAULO,SP,BR,4532011
BRUNO DA SILVA MOTA,,Amelia,Arnold,Amelia.Arnold@gmail.com,9876543214,878 Cobblestone Drive,N/A,SAO-SAO PAULO,SP,BR,1010901
C.H. ROBINSON WORLDWIDE LOGISTICA DO BRASIL LTDA,,Amy,Avery,Amy.Avery@gmail.com,9876543215,474 Fordham Lane,N/A,SAO-SAO PAULO,SP,BR,4311900
CEVA FREIGHT MANAGEMENT DO BRASIL LTDA,,Andrea,Bailey,Andrea.Bailey@gmail.com,9876543216,7096 Indian Spring Ave.,N/A,SAO-SAO PAULO,SP,BR,1311100
CMA CONSULT METODOS ASSES E MERCANTIL SA,,Angela,Baker,Angela.Baker@gmail.com,9876543217,62 Meadow Court,N/A,SAO-SAO PAULO,SP,BR,5802140
CONSTRUCOES E COMERCIO CAMARGO CORREA S.A.,,Anna,Ball,Anna.Ball@gmail.com,9876543218,7635 Griffin Circle,N/A,SAO-SAO PAULO,SP,BR,4532011
DHL WORLDWIDE EXPRESS BRASIL LTDA,,Anne,Bell,Anne.Bell@gmail.com,9876543219,474 Fordham Lane,N/A,SAO-SAO PAULO,SP,BR,1010901
DHL TDD 9,,Audrey,Berry,Audrey.Berry@gmail.com,9876543220,417 Cedarwood Rd.,N/A,SAO-SAO PAULO,SP,BR,4311900
DHL TDD 12,,Ava,Black,Ava.Black@gmail.com,9876543221,567 Armstrong St.,N/A,SAO-SAO PAULO,SP,BR,1311100
EDICOES SM LTDA.,,Bella,Blake,Bella.Blake@gmail.com,9876543222,878 Cobblestone Drive,N/A,SAO-SAO PAULO,SP,BR,5802140
EDWARDS LIFESCIENCES COM DE PROD MED-CIRUR LTDA,,Bernadette,Bond,Bernadette.Bond@gmail.com,9876543223,39 Silver Spear Avenue,N/A,SAO-SAO PAULO,SP,BR,4532011
EMPRESA BRASILEIRA DE CORREIOS E TELEGRAFOS BR,,Carol,Bower,Carol.Bower@gmail.com,9876543224,7096 Indian Spring Ave.,N/A,SAO-SAO PAULO,SP,BR,1010901
EMPRESA BRAS. DE CORREIOS E TELEGRAFOS,,Caroline,Brown,Caroline.Brown@gmail.com,9876543225,7635 Griffin Circle,N/A,SAO-SAO PAULO,SP,BR,4311900
ETEK NOVARED BRASIL LTDA,,Carolyn,Buckland,Carolyn.Buckland@gmail.com,9876543226,7096 Indian Spring Ave.,N/A,SAO-SAO PAULO,SP,BR,1311100
EXATA TRANSPORTES E LOGISTICAS LTDA,,Chloe,Burgess,Chloe.Burgess@gmail.com,9876543227,39 Silver Spear Avenue,N/A,SAO-SAO PAULO,SP,BR,5802140
EXPRESSO MASTER LOGISTICA E TRANSPORTE LTDA - EPP,,Claire,Butler,Claire.Butler@gmail.com,9876543228,7096 Indian Spring Ave.,N/A,SAO-SAO PAULO,SP,BR,4532011
FIORI E ALFIERIS TRANSPORTES DE CARGAS LTDA ME,,Deirdre,Cameron,Deirdre.Cameron@gmail.com,9876543229,7635 Griffin Circle,N/A,SAO-SAO PAULO,SP,BR,1010901
GIANT TRANS NACIONAIS E INTERNACIONAIS LTDA,,Diana,Campbell,Diana.Campbell@gmail.com,9876543230,78 Depot Avenue,N/A,SAO-SAO PAULO,SP,BR,4311900
GIANT TRANS NACIONAIS E INTERNACIONAIS LTDA,,Diane,Carr,Diane.Carr@gmail.com,9876543231,39 Silver Spear Avenue,N/A,SAO-SAO PAULO,SP,BR,1311100
GIANT TRANS NACIONAIS E INTERNACIONAIS LTDA,,Donna,Chapman,Donna.Chapman@gmail.com,9876543232,417 Cedarwood Rd.,N/A,SAO-SAO PAULO,SP,BR,5802140
HAND DELIVERY,,Dorothy,Churchill,Dorothy.Churchill@gmail.com,9876543233,7096 Indian Spring Ave.,N/A,SAO-SAO PAULO,SP,BR,4532011
HID DO BRASIL INDUSTRIA COMERCIO IMPORTACAO E EXPORTACAO DE EQUIPAMENT,,Elizabeth,Clark,Elizabeth.Clark@gmail.com,9876543234,39 Silver Spear Avenue,N/A,SAO-SAO PAULO,SP,BR,1010901
HYUNDAI MOTOR BRASIL MONTADORA DE AUTOMOVEIS LTDA,,Ella,Clarkson,Ella.Clarkson@gmail.com,9876543235,878 Cobblestone Drive,N/A,SAO-SAO PAULO,SP,BR,4311900
INFOGLOBO COMUNICACAO E PARTICIPACOES S.A.,,Emily,Coleman,Emily.Coleman@gmail.com,9876543236,62 Meadow Court,N/A,SAO-SAO PAULO,SP,BR,1311100
INGRIDE DE LUCCA,,Emma,Cornish,Emma.Cornish@gmail.com,9876543237,62 Meadow Court,N/A,SAO-SAO PAULO,SP,BR,5802140
INTERNATIONAL GAMING SOLUTIONS COMERCIO E DESENVOLVIMENTO DE SOFTWARES,,Faith,Davidson,Faith.Davidson@gmail.com,9876543238,567 Armstrong St.,N/A,SAO-SAO PAULO,SP,BR,4532011
JADLOG LOGISTICA E TÃXI AÃ‰REO LTDA,,Felicity,Davies,Felicity.Davies@gmail.com,9876543239,567 Armstrong St.,N/A,SAO-SAO PAULO,SP,BR,1010901
JANETE CRISTINA DA SILVA,,Fiona,Dickens,Fiona.Dickens@gmail.com,9876543240,7635 Griffin Circle,N/A,SAO-SAO PAULO,SP,BR,4311900
MACEDO TRANSPORTES PESADOS LTDA,,Gabrielle,Dowd,Gabrielle.Dowd@gmail.com,9876543241,78 Depot Avenue,N/A,SAO-SAO PAULO,SP,BR,1311100
MM CASTINEIRAS COM DE SERV DE INFO LTDA ME,,Grace,Duncan,Grace.Duncan@gmail.com,9876543242,7096 Indian Spring Ave.,N/A,SAO-SAO PAULO,SP,BR,5802140
MONICA CORREIA VILELA,,Hannah,Dyer,Hannah.Dyer@gmail.com,9876543243,39 Silver Spear Avenue,N/A,SAO-SAO PAULO,SP,BR,4532011
MOTO HELP SP LOGISTICA E TRANSPORTES EIRELI,,Heather,Edmunds,Heather.Edmunds@gmail.com,9876543244,78 Depot Avenue,N/A,SAO-SAO PAULO,SP,BR,1010901
MUNDIPHARMA BRASIL PRODUTOS MEDICOS E FARMACEUTICOS LTDA.,,Irene,Ellison,Irene.Ellison@gmail.com,9876543245,7635 Griffin Circle,N/A,SAO-SAO PAULO,SP,BR,4311900
OPM TRANSPORTES E DISTRIBUIÃ‡ÃƒO LTDA,,Jan,Ferguson,Jan.Ferguson@gmail.com,9876543246,474 Fordham Lane,N/A,SAO-SAO PAULO,SP,BR,1311100
PAETHUS TRANSPORTES LTDA - EPP,,Jane,Fisher,Jane.Fisher@gmail.com,9876543247,7096 Indian Spring Ave.,N/A,SAO-SAO PAULO,SP,BR,5802140
PICORELLI S/A TRANSPORTES,,Jasmine,Forsyth,Jasmine.Forsyth@gmail.com,9876543248,62 Meadow Court,N/A,SAO-SAO PAULO,SP,BR,4532011
TRANS NEIX TRANSPORTES LTDA ME,,Jennifer,Fraser,Jennifer.Fraser@gmail.com,9876543249,7635 Griffin Circle,N/A,SAO-SAO PAULO,SP,BR,1010901
PROATIVA PASSAGENS E CARGAS LTDA,,Jessica,Gibson,Jessica.Gibson@gmail.com,9876543250,78 Walnutwood Ave.,N/A,SAO-SAO PAULO,SP,BR,1010902
RAFAEL HUMBERTO DA SILVA DOMINGUOS,,Joan,Gill,Joan.Gill@gmail.com,9876543251,78 Depot Avenue,N/A,SAO-SAO PAULO,SP,BR,1010903
SIEMENS LTDA.,,Joanne,Glover,Joanne.Glover@gmail.com,9876543252,474 Fordham Lane,N/A,SAO-SAO PAULO,SP,BR,1010904
STORA ENSO BRASIL LTDA,,Julia,Graham,Julia.Graham@gmail.com,9876543253,474 Fordham Lane,N/A,SAO-SAO PAULO,SP,BR,1010905
TELEMAR NORTE LESTE S/A,,Karen,Grant,Karen.Grant@gmail.com,9876543254,567 Armstrong St.,N/A,SAO-SAO PAULO,SP,BR,1010906
TNT MERCURIO CARGAS E ENCOMENDAS EXPRESSAS LTDA,,Katherine,Gray,Katherine.Gray@gmail.com,9876543255,62 Meadow Court,N/A,SAO-SAO PAULO,SP,BR,1010907
TRANS LLOYDS - SAO,,Kimberly,Greene,Kimberly.Greene@gmail.com,9876543256,39 Silver Spear Avenue,N/A,SAO-SAO PAULO,SP,BR,1010908
TRANSPORTADORA MINUANO LTDA,,Kylie,Hamilton,Kylie.Hamilton@gmail.com,9876543257,878 Cobblestone Drive,N/A,SAO-SAO PAULO,SP,BR,1010909
TRANSPORTADORA AMERICANA LT,,Lauren,Hardacre,Lauren.Hardacre@gmail.com,9876543258,39 Silver Spear Avenue,N/A,SAO-SAO PAULO,SP,BR,1010910
UPS SCS TRANSP (SP),,Leah,Harris,Leah.Harris@gmail.com,9876543259,39 Silver Spear Avenue,N/A,SAO-SAO PAULO,SP,BR,1010911
UPS SCS TRANSPORTES BRASIL S.A,,Lillian,Hart,Lillian.Hart@gmail.com,9876543260,474 Fordham Lane,N/A,SAO-SAO PAULO,SP,BR,1010912
UPS DO BRASIL REMESSAS EXPRESSAS LTDA,,Lily,Hemmings,Lily.Hemmings@gmail.com,9876543261,417 Cedarwood Rd.,N/A,SAO-SAO PAULO,SP,BR,1010913
UPS SCS TRANSPORTES,,Lisa,Henderson,Lisa.Henderson@gmail.com,9876543262,39 Silver Spear Avenue,N/A,SAO-SAO PAULO,SP,BR,1010914
UPS SCS TRANSPORTES (BRASIL) S.A.,,Madeleine,Hill,Madeleine.Hill@gmail.com,9876543263,417 Cedarwood Rd.,N/A,SAO-SAO PAULO,SP,BR,1010915
VIA EXPRESSA TRANSPORTE URGENTE E LOGISTICA LTDA,,Maria,Hodges,Maria.Hodges@gmail.com,9876543264,7635 Griffin Circle,N/A,SAO-SAO PAULO,SP,BR,1010916
VIVO S.A.,,Mary,Howard,Mary.Howard@gmail.com,9876543265,417 Cedarwood Rd.,N/A,SAO-SAO PAULO,SP,BR,1010917
WESLLEY SEVERO DOS SANTOS,,Megan,Hudson,Megan.Hudson@gmail.com,9876543266,7096 Indian Spring Ave.,N/A,SAO-SAO PAULO,SP,BR,1010918
WILLIAM MITSUO TAKARA,,Melanie,Hughes,Melanie.Hughes@gmail.com,9876543267,62 Meadow Court,N/A,SAO-SAO PAULO,SP,BR,1010919
Wireless VenturesMark Podelle,,Michelle,Hunter,Michelle.Hunter@gmail.com,9876543268,78 Depot Avenue,N/A,Burlington,NC,US,46804
"ABF Freight System,Inc.",,Molly,Ince,Molly.Ince@gmail.com,9876543269,62 Meadow Court,N/A,FSM-FORT SMITH,AR,US,20190
AERONET,,Natalie,Jackson,Natalie.Jackson@gmail.com,9876543270,7635 Griffin Circle,N/A,DUN-DUNCAN,SC,US,37217
Airborne,,Nicola,James,Nicola.James@gmail.com,9876543271,474 Fordham Lane,N/A,MIL-MILPITAS,CA,US,10013
GLE SCRAP METAL,,Olivia,Johnston,Olivia.Johnston@gmail.com,9876543272,474 Fordham Lane,N/A,CBY-CASSELBERRY,FL,US,17113
Bax Global,,Penelope,Jones,Penelope.Jones@gmail.com,9876543273,567 Armstrong St.,N/A,MIA-MIAMI,FL,US,46804
CEVA,,Pippa,Kelly,Pippa.Kelly@gmail.com,9876543274,39 Silver Spear Avenue,N/A,BRI-BRISBANE,CA,US,20190
EGL,,Rachel,Kerr,Rachel.Kerr@gmail.com,9876543275,39 Silver Spear Avenue,N/A,MIA-MIAMI,FL,US,37217
Executive Courier,,Rebecca,King,Rebecca.King@gmail.com,9876543276,39 Silver Spear Avenue,N/A,MIA-MIAMI,FL,US,10013
FEDERAL EXPRESS,,Rose,Knox,Rose.Knox@gmail.com,9876543277,78 Depot Avenue,N/A,ELP-EL PASO,TX,US,17113
INTERNAL NOTES,,Ruth,Lambert,Ruth.Lambert@gmail.com,9876543278,567 Armstrong St.,N/A,MIA-MIAMI,FL,US,46804
Juniper Networks ADP,,Sally,Langdon,Sally.Langdon@gmail.com,9876543279,878 Cobblestone Drive,N/A,VIR-VIRGINIA,VA,US,20190
LAND AIR,,Samantha,Lawrence,Samantha.Lawrence@gmail.com,9876543280,417 Cedarwood Rd.,N/A,ELP-EL PASO,TX,US,37217
Logistics Plus,,Sarah,Lee,Sarah.Lee@gmail.com,9876543281,78 Walnutwood Ave.,N/A,ERI-ERIE,PA,US,10013
PARTNERS TRANS,,Sonia,Lewis,Sonia.Lewis@gmail.com,9876543282,7096 Indian Spring Ave.,N/A,ELP-EL PASO,TX,US,17113
Pro Transport Inc.,,Sophie,Lyman,Sophie.Lyman@gmail.com,9876543283,78 Walnutwood Ave.,N/A,XXX-PEMBROKE PINE,FL,US,46804
RAPID ROY,,Stephanie,MacDonald,Stephanie.MacDonald@gmail.com,9876543284,78 Depot Avenue,N/A,MIA-MIAMI,FL,US,20190
"R&M Courier Service, Inc.",,Sue,Mackay,Sue.Mackay@gmail.com,9876543285,78 Depot Avenue,N/A,ELP-EL PASO,TX,US,37217
Roadway Express,,Theresa,Mackenzie,Theresa.Mackenzie@gmail.com,9876543286,567 Armstrong St.,N/A,ELP-EL PASO,TX,US,10013
SAIA,,Tracey,MacLeod,Tracey.MacLeod@gmail.com,9876543287,39 Silver Spear Avenue,N/A,ATL-ATLANTA,GA,US,17113
"Servicios Empresariales de Comercio Exterior, S.A",,Una,Manning,Una.Manning@gmail.com,9876543288,78 Walnutwood Ave.,N/A,ELP-EL PASO,TX,US,46804
Southwestern MotorTransport (SMTL),,Vanessa,Marshall,Vanessa.Marshall@gmail.com,9876543289,78 Walnutwood Ave.,N/A,SAT-SAN ANTONIO,TX,US,20190
"SOUTHEASTERN FREIGHT LINES,INC.(SEFL)",,Victoria,Martin,Victoria.Martin@gmail.com,9876543290,62 Meadow Court,N/A,CAE-COLUMBIA,SC,US,37217
"STRASBURGER TRUCKING, INC",,Virginia,Mathis,Virginia.Mathis@gmail.com,9876543291,878 Cobblestone Drive,N/A,IND-INDIANAPOLIS,IN,US,10013
Tulio Ruiz,,Wanda,May,Wanda.May@gmail.com,9876543292,78 Depot Avenue,N/A,MIA-MIAMI,FL,US,17113
UPSFS,,Wendy,McDonald,Wendy.McDonald@gmail.com,9876543293,39 Silver Spear Avenue,N/A,FLL-FT. LAUDERDALE,FL,US,46804
UNITED PARCEL SERVICE SUPPLY CHAIN SOLUTIONS,,Yvonne,McLean,Yvonne.McLean@gmail.com,9876543294,567 Armstrong St.,N/A,MIA-MIAMI,FL,US,20190
UPS Supply Chain Solutions MIAMI,,Zoe,McGrath,Zoe.McGrath@gmail.com,9876543295,474 Fordham Lane,N/A,MIA-MIAMI,FL,US,37217
UPS SCS-USA-BROOKS,,Adam,Metcalfe,Adam.Metcalfe@gmail.com,9876543296,78 Walnutwood Ave.,N/A,BKS-BROOKS,KY,US,10013
UPS-SCS,,Adrian,Miller,Adrian.Miller@gmail.com,9876543297,567 Armstrong St.,N/A,SDF-LOUISVILLE,KY,US,17113
UPS Supply Chain Solutions MIAMI,,Alan,Mills,Alan.Mills@gmail.com,9876543298,417 Cedarwood Rd.,N/A,MIA-MIAMI,FL,US,17114
UPS,,Alexander,Mitchell,Alexander.Mitchell@gmail.com,9876543299,78 Depot Avenue,N/A,ATL-ATLANTA,GA,US,17115
Vitran Express,,Andrew,Morgan,Andrew.Morgan@gmail.com,9876543300,7096 Indian Spring Ave.,N/A,LEX-LEXINGTON,KY,US,17116
